,Sex,Agemos,L,M,S,P3,P5,P10,P25,P50,P75,P85,P90,P95,P97
0,Male,24.0,-2.011181,16.575027,0.08059247,14.520953,14.73732,15.090328,15.741642,16.575027,17.557188,18.162195,18.609482,19.33801,19.859858
1,Male,24.5,-1.9823736,16.547775,0.080127425,14.503477,14.719293,15.071175,15.719628,16.547775,17.521294,18.119549,18.561106,19.278898,19.79194
2,Male,25.5,-1.9241002,16.494427,0.079234,14.468823,14.683608,15.033358,15.676345,16.494427,17.451351,18.03668,18.467297,19.16466,19.661024
3,Male,26.5,-1.865498,16.442596,0.078389354,14.434597,14.648434,14.996195,15.634035,16.442596,17.383837,17.957003,18.377361,19.055674,19.536575
4,Male,27.5,-1.807262,16.392244,0.0775935,14.400828,14.613787,14.95969,15.59268,16.392244,17.31871,17.88047,18.291254,18.951868,19.418488
5,Male,28.5,-1.7501189,16.343336,0.076846465,14.367547,14.579686,14.923845,15.5522585,16.343336,17.255932,17.807043,18.20892,18.853165,19.306654
6,Male,29.5,-1.6948159,16.295841,0.07614831,14.3347845,14.546149,14.88866,15.512751,16.295841,17.195461,17.736673,18.130314,18.759493,19.200968
7,Male,30.5,-1.6421068,16.249723,0.075499125,14.302568,14.513195,14.8541355,15.474135,16.249723,17.13726,17.669323,18.055382,18.670778,19.10132
8,Male,31.5,-1.5927445,16.204952,0.074898995,14.270928,14.480838,14.8202715,15.436393,16.204952,17.081295,17.604948,17.984077,18.586946,19.00761
9,Male,32.5,-1.5474424,16.161499,0.074347995,14.23989,14.449093,14.787068,15.399506,16.161499,17.027529,17.543509,17.916351,18.507921,18.919731
10,Male,33.5,-1.5069026,16.119333,0.07384614,14.209478,14.417975,14.754526,15.363453,16.119333,16.975925,17.484962,17.852154,18.43363,18.837582
11,Male,34.5,-1.47177,16.078428,0.07339337,14.179717,14.387498,14.722644,15.328221,16.078428,16.92645,17.42927,17.791433,18.364,18.761057
12,Male,35.5,-1.442629,16.03876,0.07298955,14.150627,14.357673,14.6914215,15.293795,16.03876,16.879074,17.376387,17.73414,18.298954,18.69006
13,Male,36.5,-1.4199913,16.000303,0.07263443,14.122228,14.328511,14.660861,15.2601595,16.000303,16.83376,17.326273,17.680223,18.238417,18.62449
14,Male,37.5,-1.4042776,15.963043,0.07232765,14.094534,14.300022,14.630962,15.227308,15.963043,16.790478,17.278889,17.62963,18.182314,18.564249
15,Male,38.5,-1.3958632,15.926954,0.07206864,14.067563,14.272218,14.601729,15.195229,15.926954,16.749195,17.234186,17.582306,18.130573,18.509245
16,Male,39.5,-1.3949353,15.892026,0.071856804,14.041323,14.245102,14.573163,15.163919,15.892026,16.709883,17.192125,17.538198,18.083113,18.459377
17,Male,40.5,-1.4016716,15.858241,0.071691275,14.015824,14.218684,14.545268,15.133374,15.858241,16.672506,17.152662,17.497253,18.039862,18.414557
18,Male,41.5,-1.4161003,15.825588,0.07157109,13.991074,14.19297,14.518048,15.103593,15.825588,16.637037,17.115751,17.459412,18.000742,18.374691
19,Male,42.5,-1.438165,15.794057,0.071495116,13.967074,14.167965,14.491509,15.074577,15.794057,16.603445,17.081347,17.42462,17.96568,18.339693
20,Male,43.5,-1.467669,15.763642,0.07146211,13.943827,14.143671,14.465658,15.046332,15.763642,16.571701,17.049404,17.392818,17.934593,18.309467
21,Male,44.5,-1.5043763,15.734337,0.07147065,13.921332,14.120092,14.440499,15.018863,15.734337,16.541775,17.019878,17.363947,17.90741,18.283932
22,Male,45.5,-1.5479429,15.706136,0.07151922,13.899587,14.097233,14.416042,14.992178,15.706136,16.513636,16.992722,17.337952,17.884052,18.262999
23,Male,46.5,-1.5978963,15.679041,0.07160628,13.878584,14.075089,14.392293,14.966288,15.679041,16.48726,16.967888,17.314768,17.864439,18.24658
24,Male,47.5,-1.6537323,15.653052,0.07173017,13.858315,14.053664,14.36926,14.941203,15.653052,16.462622,16.945332,17.29434,17.848495,18.234587
25,Male,48.5,-1.7148694,15.628173,0.071889214,13.838774,14.032955,14.346951,14.916939,15.628173,16.439697,16.92501,17.276608,17.836142,18.226936
26,Male,49.5,-1.7806731,15.604408,0.07208174,13.819947,14.0129595,14.325373,14.893509,15.604408,16.418459,16.906878,17.261509,17.8273,18.22354
27,Male,50.5,-1.8504685,15.581764,0.07230608,13.801823,13.993674,14.304534,14.870929,15.581764,16.398891,16.890892,17.24899,17.821886,18.224306
28,Male,51.5,-1.9235519,15.56025,0.07256064,13.784387,13.975095,14.28444,14.849213,15.56025,16.380972,16.87701,17.238989,17.819826,18.229153
29,Male,52.5,-1.9992204,15.539875,0.07284384,13.767626,13.957215,14.265097,14.828377,15.539875,16.364681,16.865194,17.231451,17.821035,18.237986
30,Male,53.5,-2.0767071,15.52065,0.07315432,13.751522,13.940029,14.24651,14.808437,15.52065,16.350008,16.855404,17.22632,17.825436,18.250715
31,Male,54.5,-2.155348,15.502584,0.073490664,13.736064,13.923532,14.2286825,14.789409,15.502584,16.336935,16.847605,17.223543,17.832947,18.26725
32,Male,55.5,-2.2344387,15.48569,0.073851675,13.721233,13.907713,14.211619,14.771303,15.48569,16.325449,16.84176,17.223064,17.84349,18.287497
33,Male,56.5,-2.3133218,15.469977,0.07423624,13.707016,13.892567,14.195322,14.754135,15.469977,16.31554,16.837837,17.224834,17.856985,18.311363
34,Male,57.5,-2.3913813,15.455457,0.07464337,13.6933975,13.878085,14.179791,14.737916,15.455457,16.3072,16.835804,17.228804,17.873354,18.338753
35,Male,58.5,-2.4680326,15.44214,0.075072266,13.680363,13.86426,14.165029,14.722655,15.44214,16.300415,16.835632,17.234924,17.892517,18.369572
36,Male,59.5,-2.5427816,15.430032,0.0755221,13.6679,13.851083,14.151032,14.70836,15.430032,16.29518,16.837294,17.24315,17.914398,18.403727
37,Male,60.5,-2.615166,15.419142,0.07599225,13.655997,13.838548,14.137803,14.695038,15.419142,16.291485,16.84076,17.253439,17.938925,18.44112
38,Male,61.5,-2.6847894,15.409473,0.076482125,13.644644,13.826648,14.125337,14.682693,15.409473,16.28932,16.846003,17.265745,17.96602,18.481659
39,Male,62.5,-2.751317,15.4010315,0.07699123,13.633831,13.815375,14.113631,14.671328,15.4010315,16.288675,16.853003,17.28003,17.995615,18.525246
40,Male,63.5,-2.8144596,15.393818,0.07751915,13.623549,13.804724,14.102684,14.660944,15.393818,16.289547,16.86173,17.29625,18.027636,18.571789
41,Male,64.5,-2.8740249,15.387831,0.07806539,13.613794,13.79469,14.092493,14.651542,15.387831,16.29192,16.872166,17.31437,18.062014,18.621195
42,Male,65.5,-2.9298406,15.383069,0.07862959,13.604561,13.785269,14.083054,14.643118,15.383069,16.295784,16.884281,17.33435,18.098682,18.673374
43,Male,66.5,-2.9817967,15.37953,0.07921137,13.595845,13.776456,14.074362,14.635672,15.37953,16.301128,16.898054,17.356157,18.137577,18.728233
44,Male,67.5,-3.0298314,15.377206,0.079810336,13.587644,13.7682495,14.066415,14.629196,15.377206,16.307938,16.913464,17.379751,18.178633,18.785686
45,Male,68.5,-3.0739243,15.376091,0.08042609,13.579956,13.760646,14.059209,14.623689,15.376091,16.316202,16.930481,17.4051,18.221788,18.845642
46,Male,69.5,-3.1140935,15.376177,0.081058204,13.5727825,13.753644,14.052741,14.619142,15.376177,16.325903,16.949087,17.432169,18.266981,18.908018
47,Male,70.5,-3.1503901,15.377453,0.08170625,13.566123,13.747242,14.047006,14.615549,15.377453,16.337025,16.969255,17.460922,18.314156,18.972729
48,Male,71.5,-3.182893,15.379909,0.08236974,13.5599785,13.741441,14.042001,14.612904,15.379909,16.349552,16.99096,17.491327,18.36325,19.03969
49,Male,72.5,-3.2117052,15.383533,0.08304818,13.554354,13.736239,14.037724,14.6111965,15.383533,16.363464,17.014177,17.523352,18.414213,19.108824
50,Male,73.5,-3.2369483,15.38831,0.083741024,13.549249,13.73164,14.03417,14.610421,15.38831,16.378746,17.038883,17.55696,18.466986,19.18005
51,Male,74.5,-3.2587602,15.394229,0.0844477,13.54467,13.727641,14.031339,14.610567,15.394229,16.395374,17.06505,17.59212,18.521515,19.25329
52,Male,75.5,-3.2772815,15.401275,0.085167654,13.540618,13.724244,14.029224,14.611628,15.401275,16.413332,17.092651,17.6288,18.57775,19.328468
53,Male,76.5,-3.2926838,15.409432,0.08590019,13.537101,13.721453,14.027827,14.613592,15.409432,16.432596,17.121664,17.666964,18.635637,19.40551
54,Male,77.5,-3.305124,15.418687,0.086644664,13.5341215,13.719268,14.0271435,14.616453,15.418687,16.453146,17.152056,17.706581,18.69513,19.484344
55,Male,78.5,-3.314769,15.429023,0.08740042,13.531685,13.71769,14.02717,14.620201,15.429023,16.474958,17.183805,17.74762,18.756172,19.564898
56,Male,79.5,-3.321786,15.440424,0.08816674,13.529796,13.716724,14.027907,14.624827,15.440424,16.498013,17.21688,17.790043,18.81872,19.647102
57,Male,80.5,-3.3263457,15.452876,0.0889429,13.52846,13.716372,14.029351,14.630322,15.452876,16.522285,17.251257,17.833822,18.882725,19.730888
58,Male,81.5,-3.3286028,15.466362,0.0897282,13.527681,13.716632,14.0315,14.636679,15.466362,16.547756,17.286907,17.878923,18.948137,19.816189
59,Male,82.5,-3.3287253,15.480867,0.09052187,13.527466,13.717511,14.034351,14.643887,15.480867,16.5744,17.323803,17.925316,19.014912,19.902937
60,Male,83.5,-3.3268702,15.496375,0.09132316,13.527818,13.719008,14.037905,14.6519375,15.496375,16.602196,17.361916,17.972963,19.083,19.991068
61,Male,84.5,-3.3231888,15.51287,0.0921313,13.528743,13.721128,14.042158,14.660824,15.51287,16.631117,17.401218,18.021835,19.15236,20.08052
62,Male,85.5,-3.317827,15.530335,0.092945546,13.530246,13.723873,14.04711,14.670536,15.530335,16.661144,17.441685,18.0719,19.222946,20.17123
63,Male,86.5,-3.3109238,15.5487585,0.09376512,13.5323305,13.727243,14.052757,14.681067,15.5487585,16.692255,17.483286,18.123123,19.294712,20.263138
64,Male,87.5,-3.3026123,15.568121,0.09458927,13.535002,13.731241,14.0591,14.692409,15.568121,16.724424,17.525993,18.175476,19.367615,20.356182
65,Male,88.5,-3.2930183,15.58841,0.095417246,13.538263,13.735869,14.066134,14.704551,15.58841,16.757631,17.569782,18.228926,19.441612,20.450306
66,Male,89.5,-3.282261,15.609611,0.0962483,13.542119,13.74113,14.07386,14.717488,15.609611,16.791853,17.614622,18.28344,19.516659,20.545446
67,Male,90.5,-3.2704546,15.631707,0.09708169,13.546574,13.747023,14.082275,14.731213,15.631707,16.827066,17.66049,18.338985,19.592716,20.641552
68,Male,91.5,-3.2577035,15.654686,0.0979167,13.55163,13.753551,14.091377,14.745715,15.654686,16.863253,17.707355,18.395536,19.669739,20.738562
69,Male,92.5,-3.2441082,15.678532,0.098752595,13.557291,13.760715,14.101164,14.760989,15.678532,16.900387,17.755196,18.453058,19.747686,20.836426
70,Male,93.5,-3.2297616,15.703231,0.09958868,13.5635605,13.768516,14.111634,14.777026,15.703231,16.938448,17.80398,18.51152,19.826519,20.935085
71,Male,94.5,-3.2147512,15.728769,0.10042425,13.57044,13.776955,14.122786,14.79382,15.728769,16.977415,17.853685,18.570892,19.906197,21.03449
72,Male,95.5,-3.1991582,15.755134,0.10125864,13.577933,13.786032,14.134616,14.811362,15.755134,17.01727,17.904285,18.631147,19.98668,21.134586
73,Male,96.5,-3.183058,15.7823105,0.102091186,13.586041,13.795748,14.147123,14.829647,15.7823105,17.057987,17.955755,18.692251,20.067924,21.235323
74,Male,97.5,-3.1665206,15.810286,0.10292125,13.594768,13.806104,14.160304,14.848665,15.810286,17.099548,18.008066,18.754177,20.149899,21.33665
75,Male,98.5,-3.1496103,15.839047,0.10374819,13.604113,13.817099,14.174157,14.868411,15.839047,17.141933,18.061197,18.816895,20.23256,21.43852
76,Male,99.5,-3.1323895,15.868581,0.10457139,13.6140785,13.828733,14.18868,14.888878,15.868581,17.185122,18.11512,18.880377,20.31587,21.54088
77,Male,100.5,-3.114911,15.898875,0.105390266,13.624666,13.841008,14.203869,14.910057,15.898875,17.229095,18.169813,18.944593,20.399794,21.643684
78,Male,101.5,-3.0972264,15.929917,0.10620426,13.635877,13.853921,14.219722,14.931942,15.929917,17.273832,18.22525,19.009518,20.484293,21.746887
79,Male,102.5,-3.0793831,15.961695,0.107012786,13.647711,13.867472,14.236237,14.954527,15.961695,17.319315,18.28141,19.07512,20.569332,21.85044
80,Male,103.5,-3.0614238,15.994195,0.107815325,13.660169,13.88166,14.253408,14.977803,15.994195,17.365524,18.338268,19.141375,20.654875,21.954298
81,Male,104.5,-3.043386,16.027407,0.108611375,13.67325,13.896484,14.271235,15.001765,16.027407,17.412443,18.3958,19.208254,20.740887,22.058418
82,Male,105.5,-3.02531,16.061316,0.10940039,13.686956,13.911944,14.289715,15.026405,16.061316,17.460049,18.453983,19.275732,20.827332,22.162758
83,Male,106.5,-3.0072258,16.095913,0.11018191,13.701287,13.928038,14.308843,15.051716,16.095913,17.508327,18.512796,19.34378,20.914175,22.267271
84,Male,107.5,-2.9891646,16.131186,0.11095548,13.716241,13.944763,14.328616,15.077692,16.131186,17.557259,18.572216,19.412376,21.001385,22.37192
85,Male,108.5,-2.9711483,16.167122,0.11172069,13.731816,13.962119,14.3490305,15.104325,16.167122,17.606829,18.632223,19.481493,21.088928,22.476658
86,Male,109.5,-2.953208,16.203712,0.11247706,13.748014,13.980103,14.370083,15.13161,16.203712,17.657015,18.692791,19.551104,21.176771,22.58145
87,Male,110.5,-2.935364,16.240942,0.1132242,13.764833,13.9987135,14.391769,15.159537,16.240942,17.707804,18.753902,19.621185,21.264881,22.686255
88,Male,111.5,-2.9176352,16.278803,0.113961734,13.78227,14.017947,14.414086,15.188103,16.278803,17.759178,18.815536,19.691711,21.353228,22.791033
89,Male,112.5,-2.90004,16.317284,0.11468929,13.800326,14.037803,14.437029,15.217298,16.317284,17.811121,18.87767,19.762661,21.441782,22.895748
90,Male,113.5,-2.8825939,16.356373,0.11540652,13.818996,14.058277,14.460594,15.247115,16.356373,17.863615,18.940285,19.83401,21.53051,23.000364
91,Male,114.5,-2.8653114,16.396059,0.1161131,13.838281,14.079367,14.484777,15.277549,16.396059,17.916645,19.003359,19.905731,21.619385,23.104845
92,Male,115.5,-2.8482046,16.436333,0.116808705,13.858176,14.101069,14.509575,15.308593,16.436333,17.970196,19.066875,19.977806,21.708374,23.209152
93,Male,116.5,-2.831285,16.477182,0.11749304,13.878681,14.123382,14.534981,15.340238,16.477182,18.02425,19.130814,20.05021,21.797453,23.313257
94,Male,117.5,-2.8145618,16.518599,0.11816584,13.899792,14.146299,14.560991,15.3724785,16.518599,18.078794,19.195156,20.122925,21.886591,23.417122
95,Male,118.5,-2.7980435,16.56057,0.11882684,13.921506,14.169821,14.587602,15.405308,16.56057,18.133812,19.25988,20.195923,21.975761,23.520714
96,Male,119.5,-2.7817369,16.603086,0.11947578,13.94382,14.19394,14.614807,15.438718,16.603086,18.18929,19.324972,20.269188,22.064938,23.624004
97,Male,120.5,-2.7656481,16.64614,0.120112464,13.966731,14.218655,14.642603,15.472702,16.64614,18.245213,19.390411,20.342695,22.154093,23.726961
98,Male,121.5,-2.749782,16.689714,0.12073666,13.990236,14.24396,14.670983,15.507254,16.689714,18.301563,19.45618,20.416428,22.2432,23.829554
99,Male,122.5,-2.7341425,16.733807,0.12134818,14.01433,14.269854,14.6999445,15.542364,16.733807,18.358332,19.522263,20.490362,22.332237,23.931751
100,Male,123.5,-2.7187328,16.778404,0.12194685,14.039011,14.296328,14.729479,15.578029,16.778404,18.4155,19.58864,20.564482,22.421179,24.03353
101,Male,124.5,-2.7035556,16.823496,0.1225325,14.064273,14.32338,14.759583,15.614238,16.823496,18.473057,19.655296,20.638765,22.51,24.134857
102,Male,125.5,-2.688612,16.869072,0.12310499,14.090114,14.3510065,14.790252,15.650986,16.869072,18.530989,19.722216,20.713196,22.598677,24.23571
103,Male,126.5,-2.6739032,16.915125,0.123664185,14.116528,14.3792,14.821477,15.688265,16.915125,18.58928,19.789381,20.787754,22.68719,24.336061
104,Male,127.5,-2.6594296,16.961643,0.12420997,14.14351,14.407958,14.853255,15.726068,16.961643,18.647919,19.856775,20.86242,22.775513,24.435886
105,Male,128.5,-2.6451905,17.008617,0.12474224,14.171056,14.437273,14.88558,15.764387,17.008617,18.706894,19.924385,20.937178,22.863628,24.535162
106,Male,129.5,-2.6311855,17.056038,0.1252609,14.1991625,14.467142,14.918446,15.803215,17.056038,18.76619,19.992195,21.01201,22.951511,24.633862
107,Male,130.5,-2.6174135,17.103897,0.12576589,14.227822,14.497558,14.951845,15.842545,17.103897,18.825794,20.06019,21.0869,23.039146,24.731966
108,Male,131.5,-2.6038723,17.152184,0.12625715,14.2570305,14.528516,14.985772,15.882369,17.152184,18.885696,20.128355,21.16183,23.126509,24.829454
109,Male,132.5,-2.5905602,17.200888,0.12673461,14.286783,14.560009,15.020222,15.92268,17.200888,18.945883,20.196674,21.236788,23.213583,24.926304
110,Male,133.5,-2.5774744,17.25,0.12719826,14.317073,14.592033,15.055187,15.9634695,17.25,19.006342,20.265137,21.311752,23.30035,25.022493
111,Male,134.5,-2.564612,17.299513,0.12764807,14.347895,14.624581,15.090661,16.00473,17.299513,19.06706,20.333725,21.386711,23.386791,25.118008
112,Male,135.5,-2.5519698,17.349417,0.12808402,14.379243,14.657647,15.126637,16.046457,17.349417,19.12803,20.40243,21.461649,23.47289,25.212828
113,Male,136.5,-2.53954,17.399704,0.1285062,14.411109,14.691224,15.163108,16.088638,17.399704,19.189238,20.471237,21.536554,23.558632,25.30693
114,Male,137.5,-2.5273256,17.450361,0.12891449,14.44349,14.725306,15.200068,16.131268,17.450361,19.250671,20.54013,21.611408,23.643997,25.400309
115,Male,138.5,-2.5153203,17.50138,0.129309,14.476378,14.759887,15.23751,16.17434,17.50138,19.31232,20.609102,21.6862,23.728971,25.49294
116,Male,139.5,-2.5035195,17.552757,0.12968974,14.509768,14.794959,15.275426,16.217842,17.552757,19.374174,20.678137,21.760914,23.813541,25.584814
117,Male,140.5,-2.491919,17.604477,0.13005677,14.54365,14.830516,15.313809,16.261772,17.604477,19.436222,20.747223,21.835539,23.897694,25.675915
118,Male,141.5,-2.480514,17.656534,0.13041013,14.578019,14.86655,15.352653,16.306118,17.656534,19.498453,20.816349,21.910063,23.981411,25.76623
119,Male,142.5,-2.4693003,17.708918,0.13074991,14.612869,14.903055,15.391948,16.350872,17.708918,19.560856,20.885506,21.984472,24.064686,25.855747
120,Male,143.5,-2.4582727,17.761621,0.13107619,14.648191,14.940023,15.431689,16.396029,17.761621,19.623423,20.95468,22.058756,24.147503,25.944456
121,Male,144.5,-2.447426,17.814634,0.13138904,14.683978,14.9774475,15.471868,16.441578,17.814634,19.686142,21.023859,22.132904,24.22985,26.032345
122,Male,145.5,-2.4367557,17.867947,0.13168858,14.720223,15.01532,15.512475,16.487513,17.867947,19.749006,21.093037,22.206903,24.311718,26.119406
123,Male,146.5,-2.426256,17.921553,0.1319749,14.756919,15.053632,15.553505,16.533825,17.921553,19.812002,21.1622,22.280746,24.393095,26.205627
124,Male,147.5,-2.4159217,17.975443,0.13224813,14.794056,15.092377,15.594949,16.580503,17.975443,19.875122,21.23134,22.35442,24.473974,26.291006
125,Male,148.5,-2.4057477,18.029608,0.1325084,14.831628,15.131547,15.636798,16.627544,18.029608,19.938358,21.300447,22.427914,24.554344,26.375532
126,Male,149.5,-2.3957283,18.084038,0.13275583,14.869626,15.171132,15.679045,16.674936,18.084038,20.0017,21.36951,22.501223,24.634195,26.459202
127,Male,150.5,-2.385858,18.138727,0.13299057,14.908042,15.211126,15.721681,16.722673,18.138727,20.065136,21.438524,22.574333,24.713524,26.542007
128,Male,151.5,-2.3761315,18.193666,0.13321277,14.946867,15.25152,15.764698,16.770744,18.193666,20.128662,21.507477,22.64724,24.792318,26.623945
129,Male,152.5,-2.366543,18.248844,0.1334226,14.9860935,15.292305,15.808087,16.819143,18.248844,20.192266,21.576359,22.719933,24.870575,26.705013
130,Male,153.5,-2.357087,18.304255,0.1336202,15.025712,15.333472,15.851842,16.867859,18.304255,20.255943,21.645166,22.792404,24.948288,26.785208
131,Male,154.5,-2.3477576,18.35989,0.13380575,15.065714,15.375014,15.89595,16.916885,18.35989,20.319681,21.713886,22.864649,25.025452,26.864529
132,Male,155.5,-2.3385496,18.415741,0.13397945,15.106091,15.416921,15.940406,16.966213,18.415741,20.383474,21.782515,22.936657,25.10206,26.942974
133,Male,156.5,-2.329457,18.471798,0.13414147,15.146833,15.459183,15.985199,17.015833,18.471798,20.447313,21.851044,23.008425,25.178112,27.020544
134,Male,157.5,-2.3204746,18.528053,0.134292,15.187931,15.501792,16.03032,17.065737,18.528053,20.511192,21.919464,23.079943,25.253601,27.097242
135,Male,158.5,-2.3115964,18.584497,0.13443126,15.229377,15.544738,16.075762,17.115917,18.584497,20.575102,21.987772,23.151207,25.328526,27.173065
136,Male,159.5,-2.302817,18.641125,0.13455942,15.271159,15.588013,16.121513,17.16636,18.641125,20.639034,22.055958,23.222212,25.402885,27.248022
137,Male,160.5,-2.294131,18.697927,0.13467672,15.31327,15.631607,16.167564,17.217064,18.697927,20.702984,22.124018,23.292952,25.476677,27.322111
138,Male,161.5,-2.285533,18.754892,0.13478339,15.355698,15.675509,16.21391,17.268015,18.754892,20.766941,22.191944,23.363422,25.5499,27.39534
139,Male,162.5,-2.277017,18.812016,0.1348796,15.398435,15.719711,16.260534,17.319204,18.812016,20.830902,22.259731,23.43362,25.622555,27.467714
140,Male,163.5,-2.2685785,18.869287,0.13496564,15.441469,15.764203,16.307434,17.370625,18.869287,20.894857,22.327374,23.50354,25.694643,27.539238
141,Male,164.5,-2.260212,18.926699,0.1350417,15.484792,15.808974,16.354595,17.422266,18.926699,20.9588,22.394867,23.57318,25.766163,27.60992
142,Male,165.5,-2.2519119,18.984243,0.13510802,15.528392,15.854014,16.40201,17.47412,18.984243,21.022724,22.462206,23.642534,25.837118,27.67977
143,Male,166.5,-2.2436736,19.041912,0.13516487,15.57226,15.899315,16.449669,17.526176,19.041912,21.086626,22.529387,23.711601,25.90751,27.748795
144,Male,167.5,-2.2354918,19.099695,0.13521247,15.6163845,15.944863,16.49756,17.578424,19.099695,21.150494,22.596403,23.78038,25.977345,27.817005
145,Male,168.5,-2.2273622,19.157587,0.13525109,15.660756,15.990651,16.545675,17.63086,19.157587,21.214327,22.66325,23.848867,26.046621,27.88441
146,Male,169.5,-2.2192798,19.215576,0.13528097,15.705363,16.036667,16.594004,17.683468,19.215576,21.278114,22.729927,23.91706,26.115349,27.951025
147,Male,170.5,-2.2112403,19.273659,0.13530236,15.750195,16.082901,16.642534,17.736242,19.273659,21.341854,22.796429,23.98496,26.183529,28.01686
148,Male,171.5,-2.203239,19.331823,0.13531557,15.795241,16.129341,16.69126,17.789171,19.331823,21.405539,22.862751,24.052565,26.25117,28.081928
149,Male,172.5,-2.1952722,19.39006,0.13532083,15.84049,16.17598,16.740166,17.842247,19.39006,21.469162,22.928892,24.119875,26.318275,28.146244
150,Male,173.5,-2.1873357,19.448366,0.13531841,15.885931,16.222801,16.789244,17.895458,19.448366,21.532719,22.994848,24.186888,26.384855,28.209826
151,Male,174.5,-2.1794257,19.50673,0.1353086,15.931553,16.269798,16.838482,17.948797,19.50673,21.596203,23.060616,24.253607,26.450914,28.272686
152,Male,175.5,-2.1715388,19.565142,0.13529167,15.9773445,16.316957,16.88787,18.002253,19.565142,21.65961,23.126194,24.32003,26.516462,28.334845
153,Male,176.5,-2.1636717,19.623596,0.1352679,16.023294,16.36427,16.9374,18.055815,19.623596,21.722937,23.19158,24.38616,26.58151,28.396317
154,Male,177.5,-2.1558213,19.682083,0.13523756,16.06939,16.411722,16.987059,18.109474,19.682083,21.786175,23.256773,24.451998,26.646065,28.457123
155,Male,178.5,-2.147985,19.740595,0.13520098,16.115622,16.459303,17.036835,18.163221,19.740595,21.849321,23.32177,24.517546,26.710136,28.517284
156,Male,179.5,-2.1401603,19.799124,0.1351584,16.161976,16.507004,17.086718,18.217045,19.799124,21.91237,23.386568,24.582806,26.773739,28.57682
157,Male,180.5,-2.132345,19.85766,0.13511015,16.20844,16.554811,17.136696,18.270935,19.85766,21.975317,23.45117,24.64778,26.83688,28.63575
158,Male,181.5,-2.1245372,19.916199,0.13505653,16.255007,16.602713,17.186758,18.32488,19.916199,22.038158,23.515574,24.712471,26.899576,28.694101
159,Male,182.5,-2.1167357,19.974726,0.1349978,16.30166,16.650698,17.236895,18.378874,19.974726,22.100887,23.579777,24.776884,26.961836,28.751892
160,Male,183.5,-2.1089392,20.033237,0.13493429,16.34839,16.698753,17.287092,18.432901,20.033237,22.163502,23.64378,24.84102,27.023678,28.80915
161,Male,184.5,-2.101147,20.091722,0.1348663,16.395185,16.74687,17.337341,18.486956,20.091722,22.225994,23.707582,24.904886,27.085112,28.865902
162,Male,185.5,-2.0933588,20.150173,0.13479412,16.442032,16.795033,17.387629,18.541023,20.150173,22.288364,23.771187,24.968485,27.146156,28.922169
163,Male,186.5,-2.0855744,20.208582,0.13471809,16.488918,16.843233,17.437943,18.595097,20.208582,22.350607,23.83459,25.031822,27.206825,28.977982
164,Male,187.5,-2.0777948,20.26694,0.13463849,16.535831,16.891457,17.488272,18.649162,20.26694,22.412716,23.897795,25.094904,27.267136,29.033367
165,Male,188.5,-2.0700207,20.325237,0.13455567,16.58276,16.93969,17.538605,18.703209,20.325237,22.47469,23.9608,25.157734,27.327105,29.088354
166,Male,189.5,-2.0622535,20.383465,0.13446991,16.62969,16.987925,17.58893,18.757229,20.383465,22.536524,24.023611,25.22032,27.38675,29.142973
167,Male,190.5,-2.054495,20.441614,0.13438155,16.676613,17.036146,17.639235,18.811207,20.441614,22.598213,24.086224,25.282667,27.446089,29.197252
168,Male,191.5,-2.0467482,20.49968,0.13429092,16.723515,17.084341,17.689508,18.865135,20.49968,22.659756,24.148643,25.344782,27.505142,29.251226
169,Male,192.5,-2.0390153,20.557648,0.13419832,16.77038,17.1325,17.739735,18.919,20.557648,22.721148,24.21087,25.406675,27.563929,29.304926
170,Male,193.5,-2.0313003,20.61551,0.1341041,16.8172,17.180607,17.789906,18.972794,20.61551,22.782385,24.272907,25.468351,27.622469,29.358385
171,Male,194.5,-2.0236068,20.673262,0.13400859,16.863958,17.228653,17.840008,19.0265,20.673262,22.843464,24.334757,25.52982,27.680784,29.411638
172,Male,195.5,-2.015942,20.730888,0.13391207,16.910646,17.276623,17.890028,19.08011,20.730888,22.90438,24.39642,25.59109,27.7389,29.46472
173,Male,196.5,-2.0083058,20.788385,0.13381496,16.957249,17.324505,17.939955,19.133614,20.788385,22.965136,24.457901,25.652166,27.796831,29.517666
174,Male,197.5,-2.0007064,20.84574,0.13371755,17.003754,17.372286,17.989773,19.186996,20.84574,23.025723,24.519203,25.713064,27.854609,29.570513
175,Male,198.5,-1.9931501,20.902945,0.1336202,17.05015,17.419952,18.039473,19.240246,20.902945,23.086138,24.58033,25.77379,27.912252,29.623299
176,Male,199.5,-1.9856437,20.95999,0.13352324,17.09642,17.467493,18.08904,19.293352,20.95999,23.146381,24.641283,25.834356,27.969788,29.676064
177,Male,200.5,-1.9781945,21.016865,0.13342704,17.142557,17.514894,18.138462,19.346302,21.016865,23.206448,24.70207,25.89477,28.02724,29.728846
178,Male,201.5,-1.9708103,21.07356,0.13333191,17.188543,17.562143,18.187727,19.399082,21.07356,23.266335,24.762691,25.955044,28.084637,29.781687
179,Male,202.5,-1.9634995,21.130068,0.13323824,17.234367,17.609226,18.236818,19.451683,21.130068,23.32604,24.823154,26.01519,28.142004,29.834627
180,Male,203.5,-1.9562712,21.186378,0.13314639,17.280018,17.656132,18.285727,19.50409,21.186378,23.385563,24.883461,26.07522,28.199368,29.887707
181,Male,204.5,-1.9491346,21.24248,0.13305669,17.32548,17.702845,18.334436,19.55629,21.24248,23.444897,24.943619,26.135147,28.256758,29.940973
182,Male,205.5,-1.9420997,21.298365,0.13296953,17.37074,17.749352,18.382936,19.608273,21.298365,23.504044,25.00363,26.194983,28.314201,29.994467
183,Male,206.5,-1.9351771,21.35402,0.13288528,17.415787,17.79564,18.43121,19.660023,21.35402,23.562998,25.063503,26.254738,28.37173,30.048235
184,Male,207.5,-1.9283775,21.40944,0.13280429,17.460606,17.841698,18.479246,19.711529,21.40944,23.621761,25.123243,26.31443,28.429373,30.102322
185,Male,208.5,-1.9217122,21.464611,0.13272697,17.505184,17.887508,18.527029,19.762777,21.464611,23.680328,25.182856,26.374071,28.487162,30.156775
186,Male,209.5,-1.9151927,21.519524,0.13265367,17.549507,17.93306,18.574547,19.813755,21.519524,23.738697,25.242348,26.433678,28.545126,30.211637
187,Male,210.5,-1.9088311,21.574171,0.13258478,17.593563,17.978338,18.621786,19.864449,21.574171,23.79687,25.301725,26.493261,28.6033,30.266964
188,Male,211.5,-1.9026395,21.62854,0.1325207,17.637337,18.023329,18.66873,19.914846,21.62854,23.854841,25.360996,26.55284,28.661715,30.3228
189,Male,212.5,-1.8966304,21.682621,0.13246183,17.680817,18.06802,18.715366,19.964931,21.682621,23.912611,25.420168,26.612427,28.720406,30.379194
190,Male,213.5,-1.8908162,21.736404,0.13240856,17.723986,18.112394,18.76168,20.014694,21.736404,23.970179,25.479248,26.672039,28.779406,30.436201
191,Male,214.5,-1.8852099,21.78988,0.1323613,17.766832,18.15644,18.807657,20.064117,21.78988,24.027544,25.538242,26.731693,28.83875,30.49387
192,Male,215.5,-1.8798234,21.843039,0.13232043,17.809343,18.200142,18.853283,20.11319,21.843039,24.084703,25.59716,26.791409,28.898476,30.552252
193,Male,216.5,-1.8746703,21.895868,0.13228638,17.851501,18.243486,18.898544,20.161896,21.895868,24.141659,25.656012,26.8512,28.958616,30.6114
194,Male,217.5,-1.8697603,21.948362,0.1322596,17.893295,18.286457,18.943422,20.210224,21.948362,24.198408,25.714806,26.911087,29.01921,30.671371
195,Male,218.5,-1.8651133,22.000505,0.13224041,17.93471,18.329042,18.987907,20.25816,22.000505,24.254951,25.773548,26.971085,29.080296,30.732222
196,Male,219.5,-1.8607349,22.052292,0.13222933,17.975729,18.371223,19.031982,20.305687,22.052292,24.311289,25.832253,27.031214,29.141907,30.794003
197,Male,220.5,-1.8566338,22.103714,0.1322268,18.016336,18.412987,19.075632,20.352795,22.103714,24.36742,25.890926,27.091494,29.204086,30.85677
198,Male,221.5,-1.8528272,22.154757,0.1322332,18.05652,18.454317,19.11884,20.399467,22.154757,24.423347,25.949581,27.151945,29.26687,30.920584
199,Male,222.5,-1.8493232,22.205412,0.132249,18.096264,18.495201,19.161592,20.44569,22.205412,24.47907,26.008226,27.212585,29.330301,30.9855
200,Male,223.5,-1.8461316,22.255672,0.13227463,18.135551,18.53562,19.203873,20.491451,22.255672,24.53459,26.066874,27.273436,29.394419,31.05158
201,Male,224.5,-1.8432612,22.305529,0.13231055,18.174368,18.575558,19.245667,20.536737,22.305529,24.589907,26.125532,27.334518,29.45926,31.118881
202,Male,225.5,-1.8407203,22.354969,0.13235722,18.212694,18.615002,19.286957,20.581532,22.354969,24.645023,26.184217,27.395851,29.524874,31.187464
203,Male,226.5,-1.8385154,22.403988,0.1324151,18.250519,18.653933,19.32773,20.62582,22.403988,24.699942,26.242939,27.45746,29.591295,31.257391
204,Male,227.5,-1.8366559,22.452572,0.13248463,18.287823,18.692335,19.36797,20.669592,22.452572,24.754662,26.301706,27.519363,29.658571,31.328724
205,Male,228.5,-1.8351381,22.500717,0.13256636,18.324587,18.73019,19.407656,20.712831,22.500717,24.809189,26.360538,27.581585,29.726742,31.401524
206,Male,229.5,-1.833972,22.548414,0.1326607,18.360796,18.767485,19.446775,20.755524,22.548414,24.863523,26.419445,27.644148,29.795853,31.475855
207,Male,230.5,-1.8331578,22.595654,0.13276815,18.396431,18.804197,19.485313,20.797657,22.595654,24.917671,26.47844,27.707075,29.865948,31.55178
208,Male,231.5,-1.8326956,22.64243,0.13288921,18.431477,18.840313,19.52325,20.839218,22.64243,24.971634,26.537535,27.77039,29.93707,31.629368
209,Male,232.5,-1.8325844,22.688732,0.13302436,18.46591,18.875813,19.560572,20.880192,22.688732,25.025417,26.596746,27.834114,30.009268,31.708681
210,Male,233.5,-1.832821,22.734556,0.13317414,18.499716,18.91068,19.59726,20.920565,22.734556,25.079023,26.656088,27.898277,30.082584,31.789785
211,Male,234.5,-1.8334008,22.779896,0.133339,18.532873,18.944895,19.633295,20.960323,22.779896,25.132458,26.715576,27.962898,30.157064,31.87275
212,Male,235.5,-1.8343174,22.824741,0.1335195,18.565361,18.978437,19.668665,20.999456,22.824741,25.185724,26.775225,28.028008,30.232758,31.957644
213,Male,236.5,-1.8355575,22.86909,0.1337162,18.59716,19.01129,19.70335,21.037949,22.86909,25.238832,26.83505,28.093626,30.30971,32.04453
214,Male,237.5,-1.8371195,22.912931,0.13392952,18.628252,19.043432,19.737333,21.075788,22.912931,25.291784,26.89507,28.159782,30.387966,32.133484
215,Male,238.5,-1.8389871,22.956264,0.13416007,18.658613,19.074844,19.770596,21.112963,22.956264,25.344587,26.955297,28.226503,30.467579,32.22457
216,Male,239.5,-1.8411461,22.99908,0.13440838,18.688221,19.105507,19.803122,21.149456,22.99908,25.39725,27.01575,28.293814,30.548594,32.317867
217,Male,240.0,-1.8423302,23.020294,0.13453937,18.702738,19.120552,19.819101,21.167446,23.020294,25.423529,27.046068,28.327698,30.589643,32.365364
218,Male,240.5,-1.8435806,23.041378,0.134675,18.717056,19.135399,19.83489,21.18526,23.041378,25.449776,27.076448,28.36174,30.63106,32.41344
220,Female,24.0,-0.9866085,16.423397,0.08545178,14.1473465,14.397871,14.80134,15.528076,16.423397,17.427456,18.018206,18.441393,19.106236,19.56411
221,Female,24.5,-1.0244968,16.38804,0.08502584,14.132263,14.380187,14.779648,15.499757,16.38804,17.385815,17.973715,18.395264,19.058239,19.515343
222,Female,25.5,-1.1026983,16.318972,0.084214054,14.102408,14.345273,14.736946,15.444219,16.318972,17.304848,17.887487,18.306108,18.96595,19.42198
223,Female,26.5,-1.1839664,16.252079,0.08345512,14.072974,14.310968,14.695158,15.390148,16.252079,17.226933,17.80489,18.221033,18.878534,19.334105
224,Female,27.5,-1.268071,16.187347,0.08274829,14.043963,14.277277,14.654287,15.337543,16.187347,17.152025,17.725864,18.13997,18.79591,19.25163
225,Female,28.5,-1.3547515,16.124754,0.08209274,14.01538,14.244203,14.614336,15.286397,16.124754,17.080086,17.65035,18.062853,18.717999,19.174477
226,Female,29.5,-1.4436897,16.064287,0.081487715,13.987226,14.211749,14.575308,15.2367115,16.064287,17.011074,17.578299,17.989616,18.644718,19.102554
227,Female,30.5,-1.534542,16.00593,0.080932446,13.959502,14.179917,14.537205,15.188482,16.00593,16.944952,17.50965,17.920193,18.57599,19.03578
228,Female,31.5,-1.6269281,15.949666,0.08042617,13.932212,14.148711,14.500028,15.1417055,15.949666,16.881683,17.44435,17.854517,18.511734,18.974066
229,Female,32.5,-1.7204348,15.895482,0.07996818,13.905355,14.118131,14.4637785,15.09638,15.895482,16.821228,17.38235,17.792528,18.45187,18.917328
230,Female,33.5,-1.8146353,15.843362,0.07955773,13.878935,14.088178,14.428457,15.052502,15.843362,16.763554,17.323599,17.734161,18.396318,18.865479
231,Female,34.5,-1.9090762,15.793291,0.07919419,13.852951,14.058854,14.394065,15.010066,15.793291,16.708624,17.268044,17.679356,18.345001,18.818428
232,Female,35.5,-2.0032961,15.745256,0.0788769,13.827405,14.030159,14.3605995,14.969069,15.745256,16.656406,17.21564,17.628052,18.297838,18.77609
233,Female,36.5,-2.096829,15.699242,0.07860526,13.802299,14.002095,14.328061,14.929503,15.699242,16.606867,17.166336,17.580187,18.254753,18.738377
234,Female,37.5,-2.1892118,15.655232,0.0783787,13.777634,13.974661,14.296448,14.891365,15.655232,16.559975,17.120089,17.535707,18.21567,18.7052
235,Female,38.5,-2.2799919,15.613214,0.078196675,13.753412,13.947858,14.2657585,14.854646,15.613214,16.515697,17.07685,17.494553,18.180508,18.67647
236,Female,39.5,-2.368733,15.573169,0.07805867,13.729636,13.921686,14.235989,14.819339,15.573169,16.474005,17.03658,17.456669,18.149193,18.652098
237,Female,40.5,-2.4550214,15.53508,0.07796417,13.706308,13.896147,14.207138,14.785436,15.53508,16.434862,16.99923,17.421999,18.121653,18.631996
238,Female,41.5,-2.538472,15.498932,0.07791268,13.683433,13.87124,14.179201,14.752926,15.498932,16.398243,16.964758,17.390493,18.097809,18.616076
239,Female,42.5,-2.618733,15.464704,0.07790372,13.661013,13.846967,14.152176,14.7218,15.464704,16.364115,16.933125,17.362097,18.077593,18.604248
240,Female,43.5,-2.695489,15.432378,0.07793676,13.639053,13.823329,14.126059,14.692047,15.432378,16.332445,16.904285,17.336758,18.060932,18.596426
241,Female,44.5,-2.7684648,15.401935,0.07801131,13.6175585,13.800326,14.100844,14.663654,15.401935,16.303204,16.878199,17.314425,18.047754,18.592525
242,Female,45.5,-2.8374267,15.373351,0.07812682,13.596535,13.777963,14.076531,14.636612,15.373351,16.276358,16.854826,17.295048,18.037992,18.592457
243,Female,46.5,-2.9021783,15.346608,0.078282736,13.575988,13.756239,14.053114,14.610906,15.346608,16.251877,16.834126,17.27858,18.031574,18.596136
244,Female,47.5,-2.9625804,15.321682,0.07847845,13.555924,13.735157,14.030589,14.586521,15.321682,16.229727,16.816057,17.264969,18.028439,18.60348
245,Female,48.5,-3.018522,15.298549,0.07871333,13.536351,13.71472,14.008953,14.563447,15.298549,16.209875,16.800577,17.25417,18.028515,18.614405
246,Female,49.5,-3.0699365,15.277186,0.0789867,13.517276,13.694931,13.9882,14.541667,15.277186,16.19229,16.787647,17.24613,18.03174,18.62883
247,Female,50.5,-3.1167958,15.257569,0.07929784,13.498705,13.675792,13.968329,14.521169,15.257569,16.176935,16.777225,17.240807,18.03805,18.646673
248,Female,51.5,-3.1591074,15.239674,0.079646006,13.480646,13.657306,13.949334,14.501937,15.239674,16.163776,16.769272,17.23815,18.04738,18.667854
249,Female,52.5,-3.196911,15.223474,0.08003039,13.463109,13.639478,13.931212,14.483957,15.223474,16.15278,16.763744,17.238113,18.059671,18.692295
250,Female,53.5,-3.2302768,15.208945,0.08045015,13.4461,13.622309,13.91396,14.467215,15.208945,16.143911,16.760605,17.24065,18.074862,18.71992
251,Female,54.5,-3.2593002,15.196061,0.080904394,13.429628,13.605804,13.897574,14.4516945,15.196061,16.137136,16.75981,17.245714,18.09289,18.750648
252,Female,55.5,-3.2841,15.184798,0.081392206,13.413702,13.589967,13.882051,14.437384,15.184798,16.132418,16.761316,17.25326,18.113697,18.78441
253,Female,56.5,-3.304814,15.175129,0.08191262,13.398329,13.5748005,13.867387,14.424267,15.175129,16.12972,16.765087,17.263237,18.137224,18.82113
254,Female,57.5,-3.3215969,15.167028,0.08246466,13.383516,13.5603075,13.853579,14.412329,15.167028,16.12901,16.77108,17.275604,18.163414,18.860737
255,Female,58.5,-3.3346157,15.160471,0.08304729,13.369273,13.546493,13.840623,14.401556,15.160471,16.130247,16.779251,17.290312,18.192207,18.903154
256,Female,59.5,-3.3440475,15.155431,0.08365948,13.355607,13.53336,13.828516,14.391935,15.155431,16.133402,16.789562,17.307318,18.223549,18.948317
257,Female,60.5,-3.3500776,15.151884,0.08430014,13.342525,13.52091,13.817255,14.383451,15.151884,16.138433,16.801971,17.326572,18.257381,18.996151
258,Female,61.5,-3.3528938,15.149805,0.0849682,13.330033,13.509149,13.806838,14.376091,15.149805,16.145311,16.816439,17.348032,18.293648,19.046589
259,Female,62.5,-3.3526914,15.149168,0.08566254,13.318141,13.498077,13.79726,14.369841,15.149168,16.153997,16.83292,17.371653,18.332294,19.099566
260,Female,63.5,-3.3496644,15.14995,0.08638203,13.306853,13.4876995,13.788519,14.364687,15.14995,16.164455,16.851376,17.397387,18.373266,19.155012
261,Female,64.5,-3.343999,15.152126,0.08712559,13.296177,13.478018,13.78061,14.360617,15.152126,16.176655,16.871767,17.42519,18.41651,19.212862
262,Female,65.5,-3.3358896,15.155672,0.08789205,13.2861185,13.469034,13.773532,14.357616,15.155672,16.190556,16.894053,17.455017,18.461967,19.273052
263,Female,66.5,-3.3255224,15.160564,0.08868027,13.276683,13.460752,13.767281,14.355674,15.160564,16.206127,16.918192,17.486826,18.509588,19.335518
264,Female,67.5,-3.3130784,15.1667795,0.0894891,13.267877,13.453172,13.761852,14.354776,15.1667795,16.223335,16.944145,17.520569,18.559319,19.400198
265,Female,68.5,-3.2987328,15.174294,0.090317436,13.259705,13.446297,13.757244,14.35491,15.174294,16.242144,16.971874,17.556204,18.611107,19.467026
266,Female,69.5,-3.2826538,15.183087,0.09116412,13.252171,13.440127,13.753451,14.356064,15.183087,16.262522,17.001335,17.593685,18.664898,19.535944
267,Female,70.5,-3.265004,15.193134,0.09202803,13.24528,13.434666,13.750472,14.358226,15.193134,16.284435,17.032494,17.632973,18.720642,19.606888
268,Female,71.5,-3.2459376,15.204413,0.09290805,13.2390375,13.4299135,13.748302,14.361382,15.204413,16.30785,17.06531,17.67402,18.778286,19.679802
269,Female,72.5,-3.2256064,15.216903,0.09380303,13.233447,13.425871,13.746938,14.365521,15.216903,16.332735,17.099741,17.716785,18.83778,19.754622
270,Female,73.5,-3.2041461,15.230581,0.094711915,13.228511,13.422538,13.746375,14.370632,15.230581,16.359058,17.135756,17.761225,18.899073,19.831293
271,Female,74.5,-3.1816902,15.245427,0.095633596,13.224233,13.419916,13.74661,14.376703,15.245427,16.386786,17.17331,17.807297,18.962114,19.909756
272,Female,75.5,-3.1583636,15.261419,0.09656699,13.220615,13.418006,13.747638,14.383721,15.261419,16.41589,17.21237,17.85496,19.026854,19.989954
273,Female,76.5,-3.1342828,15.278538,0.097511046,13.217663,13.416807,13.749455,14.391676,15.278538,16.446335,17.252895,17.904171,19.093243,20.07183
274,Female,77.5,-3.1095579,15.29676,0.09846471,13.215376,13.416319,13.752059,14.400556,15.29676,16.478092,17.294853,17.954891,19.161232,20.15533
275,Female,78.5,-3.084291,15.316067,0.099426955,13.213757,13.416542,13.755444,14.410348,15.316067,16.511133,17.338203,18.007076,19.230772,20.2404
276,Female,79.5,-3.0585773,15.336437,0.10039677,13.212809,13.417475,13.759605,14.421042,15.336437,16.545424,17.382912,18.060688,19.301817,20.32698
277,Female,80.5,-3.0325055,15.357853,0.10137316,13.212531,13.419118,13.764539,14.432627,15.357853,16.580936,17.42894,18.115686,19.374317,20.415024
278,Female,81.5,-3.0061576,15.380293,0.10235515,13.212926,13.421469,13.770241,14.445091,15.380293,16.617641,17.476255,18.172028,19.448225,20.504473
279,Female,82.5,-2.9796095,15.403737,0.10334179,13.213995,13.424527,13.776705,14.458424,15.403737,16.65551,17.524822,18.229677,19.523495,20.595278
280,Female,83.5,-2.952931,15.428168,0.10433214,13.215739,13.428291,13.783928,14.472613,15.428168,16.694511,17.574604,18.288591,19.60008,20.687387
281,Female,84.5,-2.9261866,15.453566,0.10532529,13.218157,13.43276,13.7919035,14.487649,15.453566,16.734617,17.625566,18.348734,19.677937,20.780748
282,Female,85.5,-2.8994353,15.47991,0.106320344,13.221251,13.437931,13.800628,14.503519,15.47991,16.7758,17.677677,18.410067,19.757015,20.875315
283,Female,86.5,-2.8727312,15.507184,0.10731644,13.225019,13.443803,13.810095,14.520212,15.507184,16.818033,17.730902,18.47255,19.837275,20.971033
284,Female,87.5,-2.8461237,15.535368,0.10831272,13.229463,13.450374,13.8203,14.53772,15.535368,16.861286,17.785204,18.536148,19.91867,21.067856
285,Female,88.5,-2.8196578,15.564445,0.10930836,13.23458,13.457641,13.831239,14.556027,15.564445,16.905533,17.840555,18.60082,20.001156,21.165735
286,Female,89.5,-2.793374,15.594394,0.11030256,13.240371,13.4656,13.842904,14.575128,15.594394,16.950745,17.89692,18.666534,20.08469,21.264624
287,Female,90.5,-2.7673101,15.625198,0.11129454,13.246834,13.474252,13.855291,14.595007,15.625198,16.996897,17.954266,18.733252,20.16923,21.364475
288,Female,91.5,-2.741499,15.656841,0.11228353,13.253969,13.483591,13.868394,14.615655,15.656841,17.043962,18.01256,18.800934,20.254732,21.465242
289,Female,92.5,-2.715971,15.689303,0.11326879,13.261774,13.493616,13.882208,14.637061,15.689303,17.091913,18.071774,18.869549,20.341158,21.566881
290,Female,93.5,-2.6907532,15.722568,0.114249624,13.270247,13.504323,13.896727,14.659215,15.722568,17.140722,18.131872,18.93906,20.428461,21.669346
291,Female,94.5,-2.6658702,15.756616,0.11522532,13.279388,13.515708,13.911943,14.682105,15.756616,17.190369,18.192825,19.009432,20.516605,21.772593
292,Female,95.5,-2.6413434,15.79143,0.11619522,13.289193,13.527769,13.927853,14.705721,15.79143,17.240822,18.254604,19.08063,20.605549,21.87658
293,Female,96.5,-2.6171923,15.826995,0.117158666,13.299662,13.540502,13.944448,14.730051,15.826995,17.292059,18.317177,19.152618,20.695251,21.981264
294,Female,97.5,-2.5934305,15.863293,0.118115075,13.310789,13.553902,13.961725,14.755085,15.863293,17.344053,18.380512,19.225368,20.785675,22.0866
295,Female,98.5,-2.570076,15.900305,0.11906381,13.322575,13.5679655,13.979675,14.780811,15.900305,17.396782,18.444582,19.298843,20.876781,22.19255
296,Female,99.5,-2.5471416,15.938015,0.12000429,13.335015,13.582689,13.998293,14.8072195,15.938015,17.45022,18.509357,19.37301,20.96853,22.299072
297,Female,100.5,-2.5246353,15.976408,0.12093599,13.348107,13.598068,14.017572,14.834299,15.976408,17.504341,18.57481,19.447838,21.060886,22.406126
298,Female,101.5,-2.5025697,16.015465,0.12185836,13.361849,13.614098,14.037505,14.86204,16.015465,17.559124,18.640907,19.523294,21.153812,22.513674
299,Female,102.5,-2.4809518,16.05517,0.12277087,13.376235,13.630774,14.058086,14.890428,16.05517,17.614542,18.707624,19.599346,21.24727,22.621675
300,Female,103.5,-2.4597855,16.095507,0.12367308,13.391263,13.648091,14.079308,14.919456,16.095507,17.670574,18.774933,19.675962,21.341227,22.730093
301,Female,104.5,-2.43908,16.13646,0.124564484,13.40693,13.666045,14.101163,14.94911,16.13646,17.727196,18.842802,19.753115,21.435644,22.83889
302,Female,105.5,-2.4188383,16.178009,0.12544464,13.423231,13.684631,14.123645,14.979381,16.178009,17.784384,18.91121,19.83077,21.53049,22.948029
303,Female,106.5,-2.3990636,16.220142,0.12631312,13.440164,13.703844,14.146747,15.010258,16.220142,17.842115,18.980124,19.908901,21.62573,23.057474
304,Female,107.5,-2.379757,16.262842,0.12716955,13.457721,13.723678,14.170461,15.041729,16.262842,17.90037,19.04952,19.987474,21.721329,23.16719
305,Female,108.5,-2.3609204,16.306093,0.12801352,13.475901,13.744126,14.19478,15.073783,16.306093,17.959122,19.119373,20.066465,21.817255,23.277143
306,Female,109.5,-2.3425577,16.349878,0.12884463,13.494698,13.765186,14.219697,15.10641,16.349878,18.018349,19.189655,20.145842,21.913473,23.387299
307,Female,110.5,-2.3246634,16.39418,0.12966263,13.514108,13.78685,14.245204,15.139599,16.39418,18.078032,19.26034,20.225576,22.009956,23.497623
308,Female,111.5,-2.3072407,16.438988,0.13046713,13.534124,13.809112,14.271294,15.173338,16.438988,18.138147,19.331406,20.305641,22.106668,23.608084
309,Female,112.5,-2.2902877,16.484282,0.13125785,13.554745,13.831965,14.297957,15.207616,16.484282,18.198673,19.402822,20.386007,22.20358,23.718649
310,Female,113.5,-2.273804,16.530046,0.13203448,13.575963,13.855407,14.32519,15.242422,16.530046,18.25959,19.47457,20.466652,22.300665,23.829288
311,Female,114.5,-2.2577822,16.576267,0.13279682,13.597772,13.879426,14.352979,15.277746,16.576267,18.320877,19.546621,20.547544,22.397886,23.93997
312,Female,115.5,-2.2422278,16.622929,0.13354452,13.620169,13.90402,14.38132,15.313576,16.622929,18.382511,19.618952,20.628658,22.49522,24.050665
313,Female,116.5,-2.2271328,16.670015,0.13427743,13.643146,13.929181,14.410204,15.3499,16.670015,18.444475,19.69154,20.70997,22.592638,24.161343
314,Female,117.5,-2.2124956,16.717512,0.13499533,13.6666975,13.954902,14.439622,15.386708,16.717512,18.506744,19.76436,20.791454,22.69011,24.271975
315,Female,118.5,-2.1983128,16.765406,0.13569799,13.690819,13.981175,14.469566,15.423989,16.765406,18.569304,19.837393,20.873085,22.787607,24.382536
316,Female,119.5,-2.1845808,16.813677,0.13638528,13.715503,14.007996,14.500029,15.461731,16.813677,18.632128,19.910612,20.954838,22.885105,24.492994
317,Female,120.5,-2.171296,16.862314,0.137057,13.740744,14.035354,14.531,15.499923,16.862314,18.695202,19.983997,21.036686,22.982578,24.603329
318,Female,121.5,-2.1584542,16.9113,0.13771304,13.766534,14.063245,14.562472,15.538553,16.9113,18.758505,20.057526,21.11861,23.079998,24.713509
319,Female,122.5,-2.1460516,16.960623,0.13835326,13.792868,14.09166,14.594437,15.577611,16.960623,18.822018,20.131176,21.200584,23.177341,24.823511
320,Female,123.5,-2.1340842,17.010263,0.13897754,13.819737,14.120591,14.6268835,15.617085,17.010263,18.88572,20.204927,21.282587,23.274584,24.93331
321,Female,124.5,-2.1225476,17.060211,0.1395858,13.847137,14.150031,14.659804,15.656964,17.060211,18.949594,20.278757,21.364595,23.3717,25.042885
322,Female,125.5,-2.1114373,17.11045,0.14017795,13.875059,14.179973,14.69319,15.697236,17.11045,19.013622,20.352644,21.446587,23.468668,25.152208
323,Female,126.5,-2.1007493,17.160967,0.14075392,13.903496,14.210407,14.727032,15.73789,17.160967,19.077787,20.42657,21.528538,23.565464,25.26126
324,Female,127.5,-2.0904787,17.211744,0.14131369,13.932441,14.241326,14.76132,15.778914,17.211744,19.142069,20.500517,21.610432,23.662064,25.370018
325,Female,128.5,-2.0806215,17.26277,0.14185719,13.9618845,14.272723,14.796045,15.820298,17.26277,19.20645,20.574461,21.692244,23.75845,25.47846
326,Female,129.5,-2.071173,17.31403,0.14238441,13.991821,14.304587,14.831199,15.862029,17.31403,19.270912,20.648384,21.773954,23.854597,25.586567
327,Female,130.5,-2.0621285,17.365507,0.14289533,14.022243,14.336912,14.866771,15.904096,17.365507,19.33544,20.722267,21.855545,23.950487,25.694317
328,Female,131.5,-2.0534842,17.41719,0.14338997,14.053139,14.369687,14.902751,15.946487,17.41719,19.400015,20.796091,21.936996,24.046099,25.801693
329,Female,132.5,-2.0452352,17.469067,0.14386834,14.084503,14.4029045,14.939131,15.989191,17.469067,19.46462,20.86984,22.018286,24.141415,25.908676
330,Female,133.5,-2.0373769,17.521118,0.14433047,14.116327,14.436556,14.975899,16.032196,17.521118,19.529242,20.943495,22.099398,24.236412,26.015247
331,Female,134.5,-2.0299067,17.573334,0.14477637,14.148603,14.470632,15.013046,16.075493,17.573334,19.593859,21.017035,22.180313,24.331076,26.121391
332,Female,135.5,-2.0228179,17.625698,0.14520614,14.18132,14.505122,15.050563,16.119064,17.625698,19.658459,21.090446,22.261015,24.425386,26.22709
333,Female,136.5,-2.016107,17.6782,0.14561982,14.214471,14.540019,15.088438,16.162905,17.6782,19.723022,21.163712,22.341484,24.519325,26.332329
334,Female,137.5,-2.00977,17.730824,0.14601749,14.248046,14.575311,15.126661,16.206999,17.730824,19.787539,21.236813,22.421703,24.61288,26.43709
335,Female,138.5,-2.003802,17.783556,0.14639924,14.282035,14.610991,15.165224,16.251335,17.783556,19.85199,21.309736,22.501657,24.706032,26.54136
336,Female,139.5,-1.9981996,17.836384,0.14676516,14.316431,14.647046,15.204114,16.295902,17.836384,19.916359,21.382462,22.581331,24.798763,26.645128
337,Female,140.5,-1.9929581,17.889294,0.14711536,14.351222,14.683469,15.24332,16.34069,17.889294,19.980633,21.454977,22.660706,24.891062,26.748379
338,Female,141.5,-1.9880735,17.942272,0.14744997,14.3864,14.720248,15.282834,16.385685,17.942272,20.044796,21.527267,22.739767,24.982914,26.851099
339,Female,142.5,-1.9835418,17.995306,0.1477691,14.421954,14.757374,15.322643,16.430876,17.995306,20.108835,21.599314,22.8185,25.074303,26.953278
340,Female,143.5,-1.979359,18.048382,0.1480729,14.457875,14.794836,15.362738,16.47625,18.048382,20.172735,21.671106,22.896893,25.165216,27.054901
341,Female,144.5,-1.9755212,18.101488,0.14836149,14.494152,14.832624,15.403106,16.521795,18.101488,20.236483,21.742626,22.974926,25.255644,27.155964
342,Female,145.5,-1.9720242,18.15461,0.14863506,14.530776,14.870728,15.443737,16.567501,18.15461,20.300062,21.813864,23.05259,25.34557,27.256453
343,Female,146.5,-1.9688644,18.207737,0.14889377,14.567735,14.909135,15.48462,16.613354,18.207737,20.363462,21.884802,23.129871,25.434982,27.35636
344,Female,147.5,-1.966038,18.260853,0.14913778,14.605019,14.947836,15.5257435,16.659344,18.260853,20.426668,21.955431,23.206755,25.523874,27.455675
345,Female,148.5,-1.9635409,18.313948,0.14936727,14.642616,14.98682,15.567096,16.705458,18.313948,20.489666,22.025734,23.28323,25.612232,27.554392
346,Female,149.5,-1.9613695,18.367008,0.14958245,14.680516,15.026075,15.608665,16.751682,18.367008,20.552444,22.095701,23.359283,25.700045,27.652502
347,Female,150.5,-1.9595201,18.420023,0.14978348,14.718709,15.06559,15.650441,16.798008,18.420023,20.614992,22.16532,23.434906,25.787306,27.75
348,Female,151.5,-1.9579889,18.472977,0.1499706,14.757182,15.105353,15.69241,16.844421,18.472977,20.677294,22.234577,23.510084,25.874006,27.84688
349,Female,152.5,-1.9567723,18.52586,0.15014403,14.795924,15.145353,15.734563,16.890911,18.52586,20.73934,22.303463,23.584806,25.960135,27.943138
350,Female,153.5,-1.9558666,18.57866,0.15030394,14.834924,15.185578,15.776886,16.937464,18.57866,20.801115,22.371964,23.659065,26.045685,28.038767
351,Female,154.5,-1.955268,18.631363,0.15045062,14.874169,15.226017,15.819367,16.984068,18.631363,20.862612,22.440071,23.73285,26.13065,28.133766
352,Female,155.5,-1.954973,18.683958,0.15058427,14.913648,15.266657,15.861995,17.030712,18.683958,20.923817,22.507774,23.806149,26.215023,28.228128
353,Female,156.5,-1.954978,18.736433,0.15070514,14.953348,15.307486,15.904757,17.077383,18.736433,20.984718,22.575062,23.878954,26.2988,28.321854
354,Female,157.5,-1.9552791,18.788776,0.15081348,14.993257,15.348491,15.94764,17.12407,18.788776,21.045305,22.641924,23.951258,26.381971,28.414942
355,Female,158.5,-1.9558729,18.840977,0.15090953,15.033362,15.389661,15.990634,17.170757,18.840977,21.10557,22.708351,24.023052,26.464533,28.507387
356,Female,159.5,-1.9567556,18.893023,0.15099359,15.073652,15.430982,16.033724,17.217436,18.893023,21.165499,22.774336,24.094328,26.546484,28.599194
357,Female,160.5,-1.9579234,18.9449,0.15106589,15.114113,15.472441,16.076899,17.264093,18.9449,21.225082,22.839867,24.165077,26.627817,28.69036
358,Female,161.5,-1.9593728,18.996601,0.15112671,15.154731,15.514027,16.120144,17.310717,18.996601,21.28431,22.904938,24.235294,26.708529,28.780884
359,Female,162.5,-1.9610997,19.048111,0.15117635,15.195494,15.555724,16.163448,17.357294,19.048111,21.343174,22.96954,24.304974,26.788618,28.870771
360,Female,163.5,-1.9631006,19.09942,0.15121509,15.236388,15.597522,16.206799,17.403812,19.09942,21.401665,23.033665,24.374105,26.868082,28.960022
361,Female,164.5,-1.9653713,19.150518,0.15124322,15.277401,15.639406,16.250183,17.450258,19.150518,21.459772,23.097305,24.442688,26.946917,29.04864
362,Female,165.5,-1.967908,19.201393,0.15126105,15.318518,15.681362,16.293585,17.496622,19.201393,21.517487,23.160454,24.510714,27.025126,29.136627
363,Female,166.5,-1.9707067,19.252035,0.15126885,15.359724,15.723377,16.336994,17.54289,19.252035,21.5748,23.223106,24.578178,27.102703,29.22399
364,Female,167.5,-1.9737633,19.302431,0.15126698,15.401007,15.765437,16.380396,17.58905,19.302431,21.631706,23.285254,24.645077,27.179653,29.310732
365,Female,168.5,-1.9770736,19.352571,0.15125571,15.44235,15.8075285,16.423777,17.63509,19.352571,21.688194,23.346891,24.711407,27.255974,29.396856
366,Female,169.5,-1.9806333,19.402447,0.1512354,15.483743,15.849637,16.467123,17.680994,19.402447,21.744257,23.40801,24.777163,27.331667,29.482372
367,Female,170.5,-1.984438,19.452045,0.15120634,15.5251665,15.891747,16.510422,17.726755,19.452045,21.799889,23.46861,24.842342,27.406734,29.567286
368,Female,171.5,-1.9884831,19.501356,0.1511689,15.566609,15.9338455,16.553658,17.772358,19.501356,21.855078,23.528685,24.906944,27.481176,29.651602
369,Female,172.5,-1.9927641,19.55037,0.1511234,15.608054,15.975918,16.596819,17.81779,19.55037,21.90982,23.588226,24.970963,27.554998,29.735332
370,Female,173.5,-1.9972761,19.599075,0.15107018,15.6494875,16.01795,16.63989,17.863037,19.599075,21.96411,23.647234,25.034399,27.6282,29.818483
371,Female,174.5,-2.0020142,19.647463,0.15100959,15.690892,16.059923,16.682858,17.90809,19.647463,22.017939,23.705704,25.09725,27.700788,29.901066
372,Female,175.5,-2.0069733,19.695522,0.150942,15.732254,16.101828,16.725706,17.952936,19.695522,22.0713,23.76363,25.159515,27.772768,29.983088
373,Female,176.5,-2.0121481,19.743246,0.15086776,15.773557,16.143644,16.768423,17.99756,19.743246,22.12419,23.82101,25.221193,27.84414,30.064562
374,Female,177.5,-2.0175333,19.79062,0.15078722,15.814784,16.18536,16.810993,18.04195,19.79062,22.1766,23.877842,25.282286,27.914913,30.145498
375,Female,178.5,-2.0231233,19.837639,0.15070078,15.855921,16.226957,16.853401,18.086096,19.837639,22.228525,23.934124,25.34279,27.98509,30.225908
376,Female,179.5,-2.0289118,19.88429,0.1506088,15.89695,16.268421,16.895634,18.129982,19.88429,22.27996,23.989851,25.40271,28.054682,30.305805
377,Female,180.5,-2.034893,19.930567,0.15051165,15.937855,16.309736,16.937674,18.173597,19.930567,22.330902,24.045025,25.462044,28.123692,30.385202
378,Female,181.5,-2.041061,19.976456,0.15040973,15.978619,16.350885,16.97951,18.21693,19.976456,22.381346,24.099644,25.520796,28.19213,30.464113
379,Female,182.5,-2.0474086,20.021952,0.15030344,16.019226,16.391855,17.021122,18.259964,20.021952,22.431284,24.153704,25.578966,28.26,30.542551
380,Female,183.5,-2.0539296,20.067043,0.15019317,16.059658,16.432625,17.0625,18.30269,20.067043,22.480715,24.207207,25.636557,28.327316,30.620533
381,Female,184.5,-2.0606165,20.111723,0.15007932,16.099897,16.47318,17.103624,18.345095,20.111723,22.529634,24.260153,25.693573,28.394083,30.698074
382,Female,185.5,-2.0674624,20.155981,0.1499623,16.139929,16.513506,17.144484,18.387165,20.155981,22.57804,24.31254,25.750015,28.460314,30.775192
383,Female,186.5,-2.0744596,20.199808,0.14984255,16.179731,16.553583,17.18506,18.428888,20.199808,22.625925,24.36437,25.805891,28.526016,30.8519
384,Female,187.5,-2.0816,20.243196,0.14972045,16.21929,16.593395,17.225338,18.47025,20.243196,22.673288,24.415644,25.8612,28.591204,30.928219
385,Female,188.5,-2.0888758,20.286137,0.14959644,16.258585,16.632927,17.265303,18.51124,20.286137,22.720127,24.466362,25.915949,28.655884,31.004166
386,Female,189.5,-2.0962784,20.32862,0.14947096,16.2976,16.672157,17.30494,18.551844,20.32862,22.76644,24.516527,25.970142,28.720074,31.07976
387,Female,190.5,-2.1037989,20.370642,0.14934443,16.336313,16.71107,17.344229,18.592049,20.370642,22.812222,24.566141,26.023787,28.783781,31.15502
388,Female,191.5,-2.1114283,20.41219,0.14921732,16.37471,16.74965,17.383156,18.631844,20.41219,22.857471,24.615206,26.076887,28.84702,31.229967
389,Female,192.5,-2.119157,20.453257,0.14909007,16.412767,16.787874,17.421705,18.671213,20.453257,22.902191,24.663725,26.129452,28.909805,31.304623
390,Female,193.5,-2.1269753,20.493835,0.14896311,16.45047,16.82573,17.459862,18.710146,20.493835,22.946373,24.7117,26.181484,28.97215,31.379005
391,Female,194.5,-2.1348732,20.533916,0.14883693,16.487795,16.863195,17.497606,18.748629,20.533916,22.99002,24.759134,26.232994,29.034071,31.453138
392,Female,195.5,-2.1428401,20.573494,0.148712,16.524727,16.900255,17.534925,18.78665,20.573494,23.033133,24.806034,26.283989,29.095581,31.527044
393,Female,196.5,-2.1508653,20.612558,0.14858876,16.561243,16.936888,17.571798,18.824194,20.612558,23.075705,24.8524,26.334476,29.156696,31.600748
394,Female,197.5,-2.1589372,20.651106,0.14846772,16.597324,16.973076,17.608213,18.861248,20.651106,23.11774,24.898241,26.384464,29.217434,31.67427
395,Female,198.5,-2.1670446,20.689123,0.14834934,16.632952,17.008802,17.644148,18.897802,20.689123,23.159239,24.943558,26.433964,29.27781,31.747639
396,Female,199.5,-2.175177,20.726606,0.14823411,16.668106,17.044044,17.67959,18.93384,20.726606,23.200197,24.988358,26.482983,29.337843,31.820877
397,Female,200.5,-2.1833174,20.76355,0.14812261,16.702763,17.078785,17.71452,18.96935,20.76355,23.240622,25.032648,26.531532,29.397549,31.894009
398,Female,201.5,-2.1914577,20.799944,0.14801525,16.736904,17.113007,17.74892,19.00432,20.799944,23.280508,25.076433,26.579622,29.45695,31.967064
399,Female,202.5,-2.1995835,20.835781,0.14791256,16.77051,17.146685,17.782776,19.038736,20.835781,23.319859,25.119719,26.627264,29.516062,32.040066
400,Female,203.5,-2.2076814,20.871054,0.14781508,16.803558,17.179806,17.816067,19.072584,20.871054,23.358675,25.162512,26.674467,29.574905,32.113045
401,Female,204.5,-2.2157376,20.905758,0.14772332,16.836027,17.212345,17.848776,19.10585,20.905758,23.396957,25.204823,26.721245,29.633503,32.186028
402,Female,205.5,-2.2237399,20.939884,0.14763777,16.867897,17.244286,17.880886,19.138525,20.939884,23.434708,25.246653,26.76761,29.691872,32.25905
403,Female,206.5,-2.231668,20.973429,0.14755908,16.899145,17.275604,17.91238,19.17059,20.973429,23.471931,25.288017,26.813576,29.750036,32.332123
404,Female,207.5,-2.239512,21.006382,0.14748771,16.92975,17.306282,17.943237,19.202036,21.006382,23.508627,25.32892,26.859154,29.808018,32.405293
405,Female,208.5,-2.247257,21.038738,0.1474242,16.95969,17.336302,17.973444,19.232847,21.038738,23.544798,25.369371,26.904356,29.865839,32.47859
406,Female,209.5,-2.2548852,21.07049,0.14736918,16.988943,17.365639,18.002977,19.263014,21.07049,23.580446,25.40938,26.949202,29.923523,32.552036
407,Female,210.5,-2.262382,21.101633,0.14732315,17.017488,17.394274,18.031822,19.292517,21.101633,23.615576,25.448954,26.9937,29.981092,32.625668
408,Female,211.5,-2.2697315,21.132158,0.1472867,17.045301,17.422184,18.059958,19.321346,21.132158,23.65019,25.488104,27.03787,30.038574,32.69952
409,Female,212.5,-2.2769172,21.162062,0.14726041,17.072361,17.449352,18.087368,19.34949,21.162062,23.68429,25.52684,27.081726,30.095991,32.773624
410,Female,213.5,-2.2839255,21.191336,0.14724483,17.098644,17.475756,18.114035,19.37693,21.191336,23.71788,25.565172,27.12528,30.15337,32.848015
411,Female,214.5,-2.2907314,21.219975,0.14724068,17.124126,17.50137,18.139935,19.403656,21.219975,23.750969,25.603113,27.168556,30.210735,32.92272
412,Female,215.5,-2.2973242,21.247972,0.14724846,17.148787,17.526176,18.165052,19.429655,21.247972,23.783556,25.640675,27.211567,30.268118,32.997784
413,Female,216.5,-2.3036878,21.275322,0.14726877,17.172602,17.550154,18.18937,19.45491,21.275322,23.815645,25.677864,27.254328,30.325542,33.07324
414,Female,217.5,-2.3098,21.30202,0.1473023,17.195547,17.57328,18.212864,19.47941,21.30202,23.847242,25.714697,27.29686,30.383038,33.149117
415,Female,218.5,-2.315652,21.328054,0.1473495,17.217604,17.595535,18.235521,19.50314,21.328054,23.87835,25.75118,27.339178,30.44063,33.225464
416,Female,219.5,-2.3212173,21.353426,0.14741121,17.238743,17.616892,18.257318,19.526085,21.353426,23.908976,25.787334,27.381302,30.498354,33.30231
417,Female,220.5,-2.3264818,21.378124,0.14748798,17.258942,17.637333,18.278236,19.548233,21.378124,23.939125,25.823166,27.423254,30.556234,33.379696
418,Female,221.5,-2.331428,21.402145,0.14758046,17.27818,17.656836,18.298256,19.569569,21.402145,23.9688,25.85869,27.46505,30.614305,33.457657
419,Female,222.5,-2.3360386,21.425484,0.14768928,17.296429,17.675375,18.317358,19.59008,21.425484,23.998009,25.893923,27.506712,30.672596,33.53624
420,Female,223.5,-2.3402956,21.448132,0.14781515,17.313667,17.69293,18.335522,19.60975,21.448132,24.026756,25.928873,27.548258,30.731138,33.61548
421,Female,224.5,-2.3441818,21.470083,0.14795871,17.32987,17.709478,18.35273,19.628567,21.470083,24.055046,25.963558,27.589712,30.789967,33.695415
422,Female,225.5,-2.34768,21.491335,0.14812063,17.345015,17.724997,18.36896,19.646515,21.491335,24.082888,25.997993,27.631092,30.849113,33.776093
423,Female,226.5,-2.3507733,21.511879,0.14830162,17.359076,17.739464,18.384192,19.66358,21.511879,24.110287,26.03219,27.672422,30.908611,33.857555
424,Female,227.5,-2.3534448,21.53171,0.14850235,17.372026,17.752855,18.398409,19.679749,21.53171,24.137247,26.066166,27.713724,30.968494,33.939842
425,Female,228.5,-2.3556778,21.550821,0.14872354,17.383846,17.76515,18.411587,19.695004,21.550821,24.163776,26.099936,27.75502,31.028801,34.023003
426,Female,229.5,-2.357456,21.569208,0.1489659,17.394508,17.776323,18.423708,19.709335,21.569208,24.18988,26.133512,27.796331,31.089563,34.10707
427,Female,230.5,-2.3587637,21.586864,0.14923014,17.403988,17.786352,18.43475,19.722725,21.586864,24.215567,26.166916,27.837685,31.15082,34.1921
428,Female,231.5,-2.3595853,21.603783,0.149517,17.41226,17.795214,18.444695,19.735159,21.603783,24.240843,26.200161,27.879103,31.212608,34.278137
429,Female,232.5,-2.3599057,21.619959,0.1498272,17.4193,17.802883,18.45352,19.746624,21.619959,24.265713,26.233263,27.920609,31.274963,34.365223
430,Female,233.5,-2.3597102,21.635387,0.15016149,17.425085,17.80934,18.461206,19.757103,21.635387,24.290188,26.26624,27.962227,31.337927,34.453407
431,Female,234.5,-2.3589804,21.65006,0.15052073,17.429585,17.814558,18.467731,19.766582,21.65006,24.314276,26.29911,28.003986,31.401537,34.542732
432,Female,235.5,-2.3577144,21.663973,0.15090545,17.432781,17.818518,18.473078,19.775047,21.663973,24.337975,26.331884,28.045906,31.465832,34.63326
433,Female,236.5,-2.3558924,21.677118,0.15131652,17.434645,17.821192,18.47722,19.782482,21.677118,24.3613,26.364586,28.088013,31.530851,34.72503
434,Female,237.5,-2.3535013,21.68949,0.15175481,17.435152,17.822557,18.480143,19.788872,21.68949,24.384258,26.39723,28.130337,31.59664,34.818096
435,Female,238.5,-2.3505287,21.701082,0.15222108,17.434275,17.82259,18.48182,19.794203,21.701082,24.406857,26.429838,28.172905,31.663237,34.912502
436,Female,239.5,-2.3469622,21.711893,0.1527162,17.431988,17.821266,18.48223,19.798456,21.711893,24.429104,26.46243,28.215744,31.730686,35.008305
437,Female,240.0,-2.3449585,21.717,0.15297472,17.430311,17.820091,18.481956,19.800177,21.717,24.440096,26.47872,28.237272,31.764744,35.05675
438,Female,240.5,-2.342797,21.72191,0.15324087,17.428268,17.818563,18.481356,19.80162,21.72191,24.451006,26.495016,28.25888,31.79903,35.105556
